cohort_week,week_number,cohort_size,active_users,retention_rate
2020-11-01,0,17160,17160,1.0
2020-11-01,1,17160,719,0.0418997668997669
2020-11-01,2,17160,325,0.01893939393939394
2020-11-01,3,17160,210,0.012237762237762238
2020-11-01,4,17160,207,0.012062937062937063
2020-11-01,5,17160,176,0.010256410256410256
2020-11-01,6,17160,112,0.006526806526806527
2020-11-01,7,17160,43,0.0025058275058275057
2020-11-01,8,17160,27,0.0015734265734265735
2020-11-01,9,17160,55,0.003205128205128205
2020-11-01,10,17160,34,0.0019813519813519816
2020-11-01,11,17160,26,0.0015151515151515152
2020-11-01,12,17160,13,0.0007575757575757576
2020-11-08,0,14777,14777,1.0
2020-11-08,1,14777,813,0.05501793327468363
2020-11-08,2,14777,358,0.024226839006564256
2020-11-08,3,14777,251,0.016985856398457063
2020-11-08,4,14777,253,0.017121201867767475
2020-11-08,5,14777,145,0.009812546525005076
2020-11-08,6,14777,72,0.004872436895174934
2020-11-08,7,14777,36,0.002436218447587467
2020-11-08,8,14777,48,0.003248291263449956
2020-11-08,9,14777,43,0.002909927590173919
2020-11-08,10,14777,53,0.003586654936725993
2020-11-08,11,14777,35,0.0023685457129322598
2020-11-15,0,16766,16766,1.0
2020-11-15,1,16766,894,0.053322199689848505
2020-11-15,2,16766,472,0.02815221281164261
2020-11-15,3,16766,346,0.020637003459382082
2020-11-15,4,16766,248,0.014791840629846117
2020-11-15,5,16766,103,0.006143385422879637
2020-11-15,6,16766,51,0.0030418704521054515
2020-11-15,7,16766,61,0.0036383156387927947
2020-11-15,8,16766,53,0.0031611594894429204
2020-11-15,9,16766,47,0.002803292377430514
2020-11-15,10,16766,35,0.002087558153405702
2020-11-22,0,18860,18860,1.0
2020-11-22,1,18860,924,0.04899257688229056
2020-11-22,2,18860,418,0.022163308589607637
2020-11-22,3,18860,278,0.014740190880169672
2020-11-22,4,18860,114,0.006044538706256628
2020-11-22,5,18860,74,0.003923647932131495
2020-11-22,6,18860,85,0.004506892895015907
2020-11-22,7,18860,71,0.00376458112407211
2020-11-22,8,18860,59,0.0031283138918345704
2020-11-22,9,18860,61,0.003234358430540827
2020-11-29,0,21368,21368,1.0
2020-11-29,1,21368,1101,0.05152564582553351
2020-11-29,2,21368,458,0.021433919880194684
2020-11-29,3,21368,160,0.007487832272557095
2020-11-29,4,21368,120,0.005615874204417821
2020-11-29,5,21368,122,0.005709472107824785
2020-11-29,6,21368,100,0.004679895170348184
2020-11-29,7,21368,69,0.003229127667540247
2020-11-29,8,21368,77,0.0036035192811681017
2020-12-06,0,27501,27501,1.0
2020-12-06,1,27501,931,0.03385331442493
2020-12-06,2,27501,268,0.009745100178175339
2020-12-06,3,27501,169,0.006145231082506091
2020-12-06,4,27501,276,0.010035998690956692
2020-12-06,5,27501,157,0.005708883313334061
2020-12-06,6,27501,95,0.003454419839278572
2020-12-06,7,27501,91,0.003308970582887895
2020-12-13,0,24771,24771,1.0
2020-12-13,1,24771,695,0.028057002139598726
2020-12-13,2,24771,216,0.008719874046263777
2020-12-13,3,24771,278,0.01122280085583949
2020-12-13,4,24771,210,0.008477655322756449
2020-12-13,5,24771,126,0.005086593193653869
2020-12-13,6,24771,114,0.004602155746639215
2020-12-20,0,17604,17604,1.0
2020-12-20,1,17604,426,0.02419904567143831
2020-12-20,2,17604,205,0.01164508066348557
2020-12-20,3,17604,163,0.009259259259259259
2020-12-20,4,17604,98,0.005566916609861395
2020-12-20,5,17604,67,0.00380595319245626
2020-12-27,0,16389,16389,1.0
2020-12-27,1,16389,406,0.024772713405332845
2020-12-27,2,16389,147,0.008969430715723961
2020-12-27,3,16389,88,0.005369455122338154
2020-12-27,4,16389,83,0.005064372444932577
2021-01-03,0,22548,22548,1.0
2021-01-03,1,22548,720,0.031931878658861094
2021-01-03,2,22548,282,0.012506652474720596
2021-01-03,3,22548,172,0.007628171012950151
2021-01-10,0,21278,21278,1.0
2021-01-10,1,21278,739,0.03473070777328696
2021-01-10,2,21278,304,0.014287057054234421
2021-01-17,0,20559,20559,1.0
2021-01-17,1,20559,830,0.04037161340532127
2021-01-24,0,19376,19376,1.0
