session_date,device_category,sessions,view_item_sessions,add_to_cart_sessions,begin_checkout_sessions,purchase_sessions
2020-11-01,desktop,1528,303,0,58,9
2020-11-01,mobile,1047,222,1,37,4
2020-11-01,tablet,50,12,0,0,0
2020-11-02,desktop,2155,483,0,82,24
2020-11-02,mobile,1500,317,0,46,15
2020-11-02,tablet,71,21,0,2,1
2020-11-03,desktop,3095,589,0,83,29
2020-11-03,mobile,2142,400,0,58,19
2020-11-03,tablet,110,21,0,3,0
2020-11-04,desktop,2523,494,0,76,19
2020-11-04,mobile,1686,363,0,40,8
2020-11-04,tablet,116,22,0,2,1
2020-11-05,desktop,2177,506,0,66,16
2020-11-05,mobile,1572,345,0,56,9
2020-11-05,tablet,91,27,0,5,1
2020-11-06,desktop,1918,487,0,83,27
2020-11-06,mobile,1324,346,0,67,18
2020-11-06,tablet,77,19,0,4,3
2020-11-07,desktop,1278,321,0,68,16
2020-11-07,mobile,944,252,0,40,12
2020-11-07,tablet,49,16,0,3,0
2020-11-08,desktop,1277,276,0,56,14
2020-11-08,mobile,843,212,0,41,15
2020-11-08,tablet,43,10,0,3,2
2020-11-09,desktop,1904,455,0,80,24
2020-11-09,mobile,1274,321,0,55,19
2020-11-09,tablet,93,13,0,0,0
2020-11-10,desktop,2197,551,0,95,34
2020-11-10,mobile,1558,380,0,77,29
2020-11-10,tablet,69,20,0,1,0
2020-11-11,desktop,2227,543,0,91,37
2020-11-11,mobile,1488,381,0,69,25
2020-11-11,tablet,94,19,0,3,1
2020-11-12,desktop,2162,545,0,97,29
2020-11-12,mobile,1468,387,0,72,22
2020-11-12,tablet,63,15,0,0,0
2020-11-13,desktop,1948,508,0,115,45
2020-11-13,mobile,1303,320,0,65,24
2020-11-13,tablet,87,26,0,6,0
2020-11-14,desktop,1355,353,0,64,17
2020-11-14,mobile,950,222,0,40,12
2020-11-14,tablet,55,10,0,2,0
2020-11-15,desktop,1273,280,0,67,14
2020-11-15,mobile,894,209,0,42,8
2020-11-15,tablet,46,8,0,1,1
2020-11-16,desktop,2043,505,26,88,36
2020-11-16,mobile,1415,353,8,72,28
2020-11-16,tablet,74,17,1,5,3
2020-11-17,desktop,2296,626,133,106,50
2020-11-17,mobile,1686,432,108,90,35
2020-11-17,tablet,81,20,6,4,0
2020-11-18,desktop,2363,598,116,88,26
2020-11-18,mobile,1665,411,89,68,24
2020-11-18,tablet,98,19,2,3,0
2020-11-19,desktop,2513,638,23,76,28
2020-11-19,mobile,1580,395,16,47,19
2020-11-19,tablet,96,30,0,4,0
2020-11-20,desktop,2353,622,1,75,30
2020-11-20,mobile,1695,455,2,84,32
2020-11-20,tablet,79,17,0,2,0
2020-11-21,desktop,1859,452,0,73,18
2020-11-21,mobile,1253,339,0,48,14
2020-11-21,tablet,78,23,0,4,2
2020-11-22,desktop,1636,395,0,62,14
2020-11-22,mobile,990,265,0,46,15
2020-11-22,tablet,61,10,0,1,0
2020-11-23,desktop,2277,554,0,100,33
2020-11-23,mobile,1596,371,0,64,27
2020-11-23,tablet,87,27,0,8,4
2020-11-24,desktop,2585,658,0,123,58
2020-11-24,mobile,1747,448,0,83,38
2020-11-24,tablet,90,23,0,4,1
2020-11-25,desktop,2690,687,45,121,49
2020-11-25,mobile,1819,474,33,99,35
2020-11-25,tablet,95,28,2,5,1
2020-11-26,desktop,2372,509,166,114,29
2020-11-26,mobile,1708,361,111,74,26
2020-11-26,tablet,97,26,10,3,1
2020-11-27,desktop,2296,508,192,121,52
2020-11-27,mobile,1589,339,125,65,32
2020-11-27,tablet,92,27,11,8,5
2020-11-28,desktop,1963,443,175,93,35
2020-11-28,mobile,1357,300,103,62,37
2020-11-28,tablet,67,12,3,4,2
2020-11-29,desktop,1864,422,154,70,28
2020-11-29,mobile,1324,271,106,52,20
2020-11-29,tablet,65,15,7,5,2
2020-11-30,desktop,2693,708,252,141,70
2020-11-30,mobile,1784,462,169,97,55
2020-11-30,tablet,106,21,6,3,1
2020-12-01,desktop,2902,721,266,143,58
2020-12-01,mobile,1974,513,184,83,40
2020-12-01,tablet,107,29,11,5,1
2020-12-02,desktop,2813,730,233,120,45
2020-12-02,mobile,1870,451,152,85,28
2020-12-02,tablet,118,29,7,4,3
2020-12-03,desktop,3072,784,223,130,57
2020-12-03,mobile,1991,525,167,92,26
2020-12-03,tablet,119,35,13,6,3
2020-12-04,desktop,2734,698,208,110,46
2020-12-04,mobile,1876,467,168,86,38
2020-12-04,tablet,104,21,7,2,2
2020-12-05,desktop,2005,474,187,104,42
2020-12-05,mobile,1431,330,98,63,32
2020-12-05,tablet,62,18,10,5,2
2020-12-06,desktop,1872,435,148,83,23
2020-12-06,mobile,1371,312,104,55,16
2020-12-06,tablet,84,19,6,2,2
2020-12-07,desktop,3186,726,218,124,55
2020-12-07,mobile,2163,474,147,77,38
2020-12-07,tablet,102,16,6,3,1
2020-12-08,desktop,4434,865,273,156,63
2020-12-08,mobile,2953,551,180,102,41
2020-12-08,tablet,175,27,14,8,3
2020-12-09,desktop,3652,752,249,156,84
2020-12-09,mobile,2472,488,163,94,45
2020-12-09,tablet,158,29,12,8,4
2020-12-10,desktop,3528,846,279,156,76
2020-12-10,mobile,2336,547,174,108,52
2020-12-10,tablet,129,20,3,3,2
2020-12-11,desktop,3280,766,244,149,85
2020-12-11,mobile,2205,492,175,107,59
2020-12-11,tablet,122,23,10,4,1
2020-12-12,desktop,2457,527,183,120,67
2020-12-12,mobile,1589,339,129,71,32
2020-12-12,tablet,89,14,1,1,1
2020-12-13,desktop,2139,420,149,74,35
2020-12-13,mobile,1484,290,104,59,28
2020-12-13,tablet,76,9,3,2,0
2020-12-14,desktop,2941,623,209,95,39
2020-12-14,mobile,2026,422,162,89,46
2020-12-14,tablet,131,20,8,3,1
2020-12-15,desktop,3354,715,225,110,70
2020-12-15,mobile,2263,502,171,79,48
2020-12-15,tablet,124,27,11,4,1
2020-12-16,desktop,3248,718,195,105,67
2020-12-16,mobile,2163,440,132,73,46
2020-12-16,tablet,117,25,7,5,2
2020-12-17,desktop,3100,710,200,91,54
2020-12-17,mobile,2147,522,136,64,39
2020-12-17,tablet,98,18,6,2,1
2020-12-18,desktop,2760,623,179,87,48
2020-12-18,mobile,1954,417,136,62,29
2020-12-18,tablet,110,17,5,4,1
2020-12-19,desktop,2031,401,95,51,22
2020-12-19,mobile,1484,311,88,38,17
2020-12-19,tablet,72,12,1,1,0
2020-12-20,desktop,1949,338,81,34,10
2020-12-20,mobile,1275,209,44,18,8
2020-12-20,tablet,64,9,2,0,0
2020-12-21,desktop,2315,475,116,51,29
2020-12-21,mobile,1591,325,79,32,17
2020-12-21,tablet,100,20,6,6,4
2020-12-22,desktop,2179,501,115,56,32
2020-12-22,mobile,1574,385,99,36,22
2020-12-22,tablet,85,24,5,4,1
2020-12-23,desktop,1954,429,127,45,25
2020-12-23,mobile,1420,282,80,47,28
2020-12-23,tablet,69,15,2,0,0
2020-12-24,desktop,1584,273,54,16,10
2020-12-24,mobile,1150,192,44,21,10
2020-12-24,tablet,64,12,3,2,2
2020-12-25,desktop,1550,208,44,20,7
2020-12-25,mobile,1037,142,35,15,10
2020-12-25,tablet,58,11,2,1,0
2020-12-26,desktop,1554,240,47,8,5
2020-12-26,mobile,1066,162,28,17,11
2020-12-26,tablet,56,7,0,0,0
2020-12-27,desktop,1552,241,52,19,11
2020-12-27,mobile,1066,162,45,19,8
2020-12-27,tablet,59,9,2,1,1
2020-12-28,desktop,1965,311,82,32,20
2020-12-28,mobile,1313,221,46,15,12
2020-12-28,tablet,78,6,1,1,1
2020-12-29,desktop,1976,302,73,27,13
2020-12-29,mobile,1371,208,49,14,7
2020-12-29,tablet,88,21,5,1,1
2020-12-30,desktop,1875,284,54,19,10
2020-12-30,mobile,1258,213,56,18,10
2020-12-30,tablet,80,16,3,1,1
2020-12-31,desktop,1515,228,56,29,14
2020-12-31,mobile,1023,143,35,13,7
2020-12-31,tablet,81,12,3,1,1
2021-01-01,desktop,1359,188,35,10,4
2021-01-01,mobile,898,125,32,15,7
2021-01-01,tablet,51,8,1,1,1
2021-01-02,desktop,1660,248,38,19,6
2021-01-02,mobile,1004,144,25,11,7
2021-01-02,tablet,64,13,2,2,1
2021-01-03,desktop,1646,241,35,20,8
2021-01-03,mobile,1092,172,22,12,7
2021-01-03,tablet,47,7,2,0,0
2021-01-04,desktop,1979,295,54,17,8
2021-01-04,mobile,1308,211,43,12,6
2021-01-04,tablet,80,19,4,1,1
2021-01-05,desktop,2533,415,94,36,18
2021-01-05,mobile,1849,269,57,18,10
2021-01-05,tablet,103,17,1,0,0
2021-01-06,desktop,3536,483,119,42,15
2021-01-06,mobile,2335,305,60,20,11
2021-01-06,tablet,124,14,4,3,1
2021-01-07,desktop,2692,451,103,32,18
2021-01-07,mobile,1844,288,68,28,8
2021-01-07,tablet,124,29,4,2,0
2021-01-08,desktop,2449,395,95,39,21
2021-01-08,mobile,1699,259,58,20,11
2021-01-08,tablet,114,17,3,3,1
2021-01-09,desktop,1858,316,59,23,9
2021-01-09,mobile,1335,193,48,16,9
2021-01-09,tablet,65,11,2,0,0
2021-01-10,desktop,1687,245,46,20,9
2021-01-10,mobile,1251,189,33,12,6
2021-01-10,tablet,64,15,5,1,0
2021-01-11,desktop,2239,380,89,36,18
2021-01-11,mobile,1620,288,70,18,7
2021-01-11,tablet,94,15,2,2,1
2021-01-12,desktop,2684,497,107,45,25
2021-01-12,mobile,1934,330,58,31,16
2021-01-12,tablet,103,19,5,3,2
2021-01-13,desktop,2620,455,108,47,20
2021-01-13,mobile,1862,308,70,38,15
2021-01-13,tablet,88,9,1,0,0
2021-01-14,desktop,2521,506,122,46,26
2021-01-14,mobile,1740,316,76,37,21
2021-01-14,tablet,102,24,5,0,0
2021-01-15,desktop,2278,399,92,36,19
2021-01-15,mobile,1573,297,72,31,17
2021-01-15,tablet,84,20,2,3,2
2021-01-16,desktop,1783,291,68,30,11
2021-01-16,mobile,1308,229,51,21,13
2021-01-16,tablet,86,12,1,0,0
2021-01-17,desktop,1785,262,46,28,10
2021-01-17,mobile,1141,177,40,7,4
2021-01-17,tablet,62,16,4,0,0
2021-01-18,desktop,2109,305,63,23,8
2021-01-18,mobile,1428,202,47,24,10
2021-01-18,tablet,73,10,2,0,0
2021-01-19,desktop,2405,462,95,48,24
2021-01-19,mobile,1681,347,77,33,19
2021-01-19,tablet,101,29,7,4,4
2021-01-20,desktop,2794,690,148,85,56
2021-01-20,mobile,1913,480,93,55,38
2021-01-20,tablet,98,23,2,3,1
2021-01-21,desktop,2693,823,140,69,34
2021-01-21,mobile,1879,560,73,35,15
2021-01-21,tablet,115,26,5,3,1
2021-01-22,desktop,2424,694,128,93,51
2021-01-22,mobile,1592,434,83,61,37
2021-01-22,tablet,73,19,3,1,1
2021-01-23,desktop,1787,414,74,45,23
2021-01-23,mobile,1275,303,49,30,16
2021-01-23,tablet,70,22,5,3,2
2021-01-24,desktop,1779,391,60,36,19
2021-01-24,mobile,1119,231,51,33,16
2021-01-24,tablet,70,19,3,0,0
2021-01-25,desktop,2279,545,85,47,32
2021-01-25,mobile,1538,382,59,34,24
2021-01-25,tablet,89,17,4,3,2
2021-01-26,desktop,2391,532,80,50,23
2021-01-26,mobile,1607,408,62,36,25
2021-01-26,tablet,91,23,1,1,1
2021-01-27,desktop,2714,688,124,57,19
2021-01-27,mobile,1783,479,106,61,31
2021-01-27,tablet,102,24,5,2,1
2021-01-28,desktop,2458,604,110,42,27
2021-01-28,mobile,1683,401,75,44,26
2021-01-28,tablet,75,26,4,3,2
2021-01-29,desktop,2204,538,102,54,29
2021-01-29,mobile,1499,319,57,35,21
2021-01-29,tablet,88,27,2,4,3
2021-01-30,desktop,1675,352,65,32,16
2021-01-30,mobile,1156,237,39,17,10
2021-01-30,tablet,69,16,5,2,0
2021-01-31,desktop,1625,331,59,33,11
2021-01-31,mobile,1142,228,42,21,6
2021-01-31,tablet,74,10,2,2,1
